file,frame,backend,noise_sigma,roi_size,n_gt_daughters,n_pred_daughters,mother_precision,mother_recall,mother_f1,mother_accuracy,mother_iou,daughter_precision,daughter_recall,daughter_f1,daughter_accuracy,daughter_iou,combined_precision,combined_recall,combined_f1,combined_accuracy,combined_iou,daughter_obj_precision,daughter_obj_recall,daughter_obj_f1,daughter_obj_accuracy,tp_objects,fp_objects,fn_objects
Experiment-1324.czi,0,watershed,0.0,full,0,0,0.938262358228119,1.0,0.968147943693072,0.9867405092379814,0.938262358228119,1.0,1.0,1.0,1.0,0.0,0.938262358228119,1.0,0.968147943693072,0.9867405092379814,0.938262358228119,1.0,1.0,1.0,0.0,0,0,0
Experiment-1324.czi,0,active_contour,0.0,full,0,0,0.938262358228119,1.0,0.968147943693072,0.9867405092379814,0.938262358228119,1.0,1.0,1.0,1.0,0.0,0.938262358228119,1.0,0.968147943693072,0.9867405092379814,0.938262358228119,1.0,1.0,1.0,0.0,0,0,0
Experiment-1324.czi,0,stardist,0.0,full,0,0,0.938262358228119,1.0,0.968147943693072,0.9867405092379814,0.938262358228119,1.0,1.0,1.0,1.0,0.0,0.938262358228119,1.0,0.968147943693072,0.9867405092379814,0.938262358228119,1.0,1.0,1.0,0.0,0,0,0
Experiment-1324.czi,0,cellpose,0.0,full,0,0,0.938262358228119,1.0,0.968147943693072,0.9867405092379814,0.938262358228119,1.0,1.0,1.0,1.0,0.0,0.938262358228119,1.0,0.968147943693072,0.9867405092379814,0.938262358228119,1.0,1.0,1.0,0.0,0,0,0
Experiment-1324.czi,86,watershed,0.0,full,0,0,0.9519875763000669,0.9993207598433219,0.9750800839500718,0.9896313999448478,0.9513719742202488,1.0,1.0,1.0,1.0,0.0,0.9519875763000669,0.9993207598433219,0.9750800839500718,0.9896313999448478,0.9513719742202488,1.0,1.0,1.0,0.0,0,0,0
Experiment-1324.czi,86,active_contour,0.0,full,0,0,0.9519875763000669,0.9993207598433219,0.9750800839500718,0.9896313999448478,0.9513719742202488,1.0,1.0,1.0,1.0,0.0,0.9519875763000669,0.9993207598433219,0.9750800839500718,0.9896313999448478,0.9513719742202488,1.0,1.0,1.0,0.0,0,0,0
Experiment-1324.czi,86,stardist,0.0,full,0,1,0.9519875763000669,0.9993207598433219,0.9750800839500718,0.9896313999448478,0.9513719742202488,0.0,1.0,0.0,0.9249471458773785,0.0,0.9499601833717152,0.9993434011818779,0.9740262606201037,0.9891809908998989,0.9493676331411856,0.0,1.0,0.0,0.0,0,1,0
Experiment-1324.czi,86,cellpose,0.0,full,0,0,0.9519875763000669,0.9993207598433219,0.9750800839500718,0.9896313999448478,0.9513719742202488,1.0,1.0,1.0,1.0,0.0,0.9519875763000669,0.9993207598433219,0.9750800839500718,0.9896313999448478,0.9513719742202488,1.0,1.0,1.0,0.0,0,0,0
Experiment-1324.czi,171,watershed,0.0,full,0,0,0.9347533978016168,1.0,0.9662765279169324,0.9863866164169501,0.9347533978016168,1.0,1.0,1.0,1.0,0.0,0.9347533978016168,1.0,0.9662765279169324,0.9863866164169501,0.9347533978016168,1.0,1.0,1.0,0.0,0,0,0
Experiment-1324.czi,171,active_contour,0.0,full,0,0,0.9347533978016168,1.0,0.9662765279169324,0.9863866164169501,0.9347533978016168,1.0,1.0,1.0,1.0,0.0,0.9347533978016168,1.0,0.9662765279169324,0.9863866164169501,0.9347533978016168,1.0,1.0,1.0,0.0,0,0,0
Experiment-1324.czi,171,stardist,0.0,full,0,1,0.9347533978016168,1.0,0.9662765279169324,0.9863866164169501,0.9347533978016168,0.0,1.0,0.0,0.9214128136777278,0.0,0.9347533978016168,1.0,0.9662765279169324,0.9863866164169501,0.9347533978016168,0.0,1.0,0.0,0.0,0,1,0
Experiment-1324.czi,171,cellpose,0.0,full,0,0,0.9347533978016168,1.0,0.9662765279169324,0.9863866164169501,0.9347533978016168,1.0,1.0,1.0,1.0,0.0,0.9347533978016168,1.0,0.9662765279169324,0.9863866164169501,0.9347533978016168,1.0,1.0,1.0,0.0,0,0,0
Experiment-1324.czi,256,watershed,0.0,full,0,0,0.9327622469546928,1.0,0.9652115757376528,0.9858948432760364,0.9327622469546928,1.0,1.0,1.0,1.0,0.0,0.9327622469546928,1.0,0.9652115757376528,0.9858948432760364,0.9327622469546928,1.0,1.0,1.0,0.0,0,0,0
Experiment-1324.czi,256,active_contour,0.0,full,0,0,0.9327622469546928,1.0,0.9652115757376528,0.9858948432760364,0.9327622469546928,1.0,1.0,1.0,1.0,0.0,0.9327622469546928,1.0,0.9652115757376528,0.9858948432760364,0.9327622469546928,1.0,1.0,1.0,0.0,0,0,0
Experiment-1324.czi,256,stardist,0.0,full,0,1,0.9327622469546928,1.0,0.9652115757376528,0.9858948432760364,0.9327622469546928,0.0,1.0,0.0,0.9173821123265006,0.0,0.9274790867898223,1.0,0.9623752528848653,0.9846998805037228,0.9274790867898223,0.0,1.0,0.0,0.0,0,1,0
Experiment-1324.czi,256,cellpose,0.0,full,0,0,0.9327622469546928,1.0,0.9652115757376528,0.9858948432760364,0.9327622469546928,1.0,1.0,1.0,1.0,0.0,0.9327622469546928,1.0,0.9652115757376528,0.9858948432760364,0.9327622469546928,1.0,1.0,1.0,0.0,0,0,0
Experiment-1324.czi,342,watershed,0.0,full,0,0,0.9371163920052159,0.9996162885510096,0.9673578797126844,0.9870714220056991,0.9367794134172379,1.0,1.0,1.0,1.0,0.0,0.9371163920052159,0.9996162885510096,0.9673578797126844,0.9870714220056991,0.9367794134172379,1.0,1.0,1.0,0.0,0,0,0
Experiment-1324.czi,342,active_contour,0.0,full,0,2,0.9371163920052159,0.9996162885510096,0.9673578797126844,0.9870714220056991,0.9367794134172379,0.0,1.0,0.0,0.9705671477157827,0.0,0.9362323397947037,0.9996162885510096,0.9668866491144643,0.9868783895578638,0.9358959965871073,0.0,1.0,0.0,0.0,0,2,0
Experiment-1324.czi,342,stardist,0.0,full,0,1,0.9371163920052159,0.9996162885510096,0.9673578797126844,0.9870714220056991,0.9367794134172379,0.0,1.0,0.0,0.9276587921683979,0.0,0.9370953237410072,0.9996162885510096,0.9673466545986213,0.9870668259950363,0.9367583603020496,0.0,1.0,0.0,0.0,0,1,0
Experiment-1324.czi,342,cellpose,0.0,full,0,0,0.9371163920052159,0.9996162885510096,0.9673578797126844,0.9870714220056991,0.9367794134172379,1.0,1.0,1.0,1.0,0.0,0.9371163920052159,0.9996162885510096,0.9673578797126844,0.9870714220056991,0.9367794134172379,1.0,1.0,1.0,0.0,0,0,0
Experiment-1325.czi,0,watershed,0.0,full,0,0,0.9378681658342106,1.0,0.9679380490060101,0.9789810268533673,0.9378681658342106,1.0,1.0,1.0,1.0,0.0,0.9378681658342106,1.0,0.9679380490060101,0.9789810268533673,0.9378681658342106,1.0,1.0,1.0,0.0,0,0,0
Experiment-1325.czi,0,active_contour,0.0,full,0,0,0.9378681658342106,1.0,0.9679380490060101,0.9789810268533673,0.9378681658342106,1.0,1.0,1.0,1.0,0.0,0.9378681658342106,1.0,0.9679380490060101,0.9789810268533673,0.9378681658342106,1.0,1.0,1.0,0.0,0,0,0
Experiment-1325.czi,0,stardist,0.0,full,0,1,0.9378681658342106,1.0,0.9679380490060101,0.9789810268533673,0.9378681658342106,0.0,1.0,0.0,0.8754318967084924,0.0,0.9374692159584471,1.0,0.9677255341522318,0.9788370612838698,0.9374692159584471,0.0,1.0,0.0,0.0,0,1,0
Experiment-1325.czi,0,cellpose,0.0,full,0,0,0.9378681658342106,1.0,0.9679380490060101,0.9789810268533673,0.9378681658342106,1.0,1.0,1.0,1.0,0.0,0.9378681658342106,1.0,0.9679380490060101,0.9789810268533673,0.9378681658342106,1.0,1.0,1.0,0.0,0,0,0
Experiment-1325.czi,86,watershed,0.0,full,0,0,0.0,0.0,0.0,0.6737512881129902,0.0,1.0,1.0,1.0,1.0,0.0,0.0,0.0,0.0,0.6737512881129902,0.0,1.0,1.0,1.0,0.0,0,0,0
Experiment-1325.czi,86,active_contour,0.0,full,0,0,0.0,0.0,0.0,0.6737512881129902,0.0,1.0,1.0,1.0,1.0,0.0,0.0,0.0,0.0,0.6737512881129902,0.0,1.0,1.0,1.0,0.0,0,0,0
Experiment-1325.czi,86,stardist,0.0,full,0,0,0.0,0.0,0.0,0.6737512881129902,0.0,1.0,1.0,1.0,1.0,0.0,0.0,0.0,0.0,0.6737512881129902,0.0,1.0,1.0,1.0,0.0,0,0,0
Experiment-1325.czi,86,cellpose,0.0,full,0,0,0.0,0.0,0.0,0.6737512881129902,0.0,1.0,1.0,1.0,1.0,0.0,0.0,0.0,0.0,0.6737512881129902,0.0,1.0,1.0,1.0,0.0,0,0,0
Experiment-1325.czi,171,watershed,0.0,full,0,0,0.0,0.0,0.0,0.6680457052797478,0.0,1.0,1.0,1.0,1.0,0.0,0.0,0.0,0.0,0.6680457052797478,0.0,1.0,1.0,1.0,0.0,0,0,0
Experiment-1325.czi,171,active_contour,0.0,full,0,0,0.0,0.0,0.0,0.6680457052797478,0.0,1.0,1.0,1.0,1.0,0.0,0.0,0.0,0.0,0.6680457052797478,0.0,1.0,1.0,1.0,0.0,0,0,0
Experiment-1325.czi,171,stardist,0.0,full,0,0,0.0,0.0,0.0,0.6680457052797478,0.0,1.0,1.0,1.0,1.0,0.0,0.0,0.0,0.0,0.6680457052797478,0.0,1.0,1.0,1.0,0.0,0,0,0
Experiment-1325.czi,171,cellpose,0.0,full,0,0,0.0,0.0,0.0,0.6680457052797478,0.0,1.0,1.0,1.0,1.0,0.0,0.0,0.0,0.0,0.6680457052797478,0.0,1.0,1.0,1.0,0.0,0,0,0
Experiment-1325.czi,256,watershed,0.0,full,0,0,0.0,0.0,0.0,0.6393056313269079,0.0,1.0,1.0,1.0,1.0,0.0,0.0,0.0,0.0,0.6393056313269079,0.0,1.0,1.0,1.0,0.0,0,0,0
Experiment-1325.czi,256,active_contour,0.0,full,0,0,0.0,0.0,0.0,0.6393056313269079,0.0,1.0,1.0,1.0,1.0,0.0,0.0,0.0,0.0,0.6393056313269079,0.0,1.0,1.0,1.0,0.0,0,0,0
Experiment-1325.czi,256,stardist,0.0,full,0,0,0.0,0.0,0.0,0.6393056313269079,0.0,1.0,1.0,1.0,1.0,0.0,0.0,0.0,0.0,0.6393056313269079,0.0,1.0,1.0,1.0,0.0,0,0,0
Experiment-1325.czi,256,cellpose,0.0,full,0,0,0.0,0.0,0.0,0.6393056313269079,0.0,1.0,1.0,1.0,1.0,0.0,0.0,0.0,0.0,0.6393056313269079,0.0,1.0,1.0,1.0,0.0,0,0,0
Experiment-1325.czi,342,watershed,0.0,full,0,0,0.0,0.0,0.0,0.5642162211311148,0.0,1.0,1.0,1.0,1.0,0.0,0.0,0.0,0.0,0.5642162211311148,0.0,1.0,1.0,1.0,0.0,0,0,0
Experiment-1325.czi,342,active_contour,0.0,full,0,0,0.0,0.0,0.0,0.5642162211311148,0.0,1.0,1.0,1.0,1.0,0.0,0.0,0.0,0.0,0.5642162211311148,0.0,1.0,1.0,1.0,0.0,0,0,0
Experiment-1325.czi,342,stardist,0.0,full,0,0,0.0,0.0,0.0,0.5642162211311148,0.0,1.0,1.0,1.0,1.0,0.0,0.0,0.0,0.0,0.5642162211311148,0.0,1.0,1.0,1.0,0.0,0,0,0
Experiment-1325.czi,342,cellpose,0.0,full,0,0,0.0,0.0,0.0,0.5642162211311148,0.0,1.0,1.0,1.0,1.0,0.0,0.0,0.0,0.0,0.5642162211311148,0.0,1.0,1.0,1.0,0.0,0,0,0
Experiment-1326.czi,0,watershed,0.0,full,0,0,0.0,0.0,0.0,0.6425123456790124,0.0,1.0,1.0,1.0,1.0,0.0,0.0,0.0,0.0,0.6425123456790124,0.0,1.0,1.0,1.0,0.0,0,0,0
Experiment-1326.czi,0,active_contour,0.0,full,0,0,0.0,0.0,0.0,0.6425123456790124,0.0,1.0,1.0,1.0,1.0,0.0,0.0,0.0,0.0,0.6425123456790124,0.0,1.0,1.0,1.0,0.0,0,0,0
Experiment-1326.czi,0,stardist,0.0,full,0,0,0.0,0.0,0.0,0.6425123456790124,0.0,1.0,1.0,1.0,1.0,0.0,0.0,0.0,0.0,0.6425123456790124,0.0,1.0,1.0,1.0,0.0,0,0,0
Experiment-1326.czi,0,cellpose,0.0,full,0,0,0.0,0.0,0.0,0.6425123456790124,0.0,1.0,1.0,1.0,1.0,0.0,0.0,0.0,0.0,0.6425123456790124,0.0,1.0,1.0,1.0,0.0,0,0,0
Experiment-1326.czi,86,watershed,0.0,full,1,0,0.0,0.0,0.0,0.7219135802469135,0.0,0.0,0.0,0.0,0.9777037037037037,0.0,0.0,0.0,0.0,0.7219135802469135,0.0,0.0,0.0,0.0,0.0,0,0,1
Experiment-1326.czi,86,active_contour,0.0,full,1,0,0.0,0.0,0.0,0.7219135802469135,0.0,0.0,0.0,0.0,0.9777037037037037,0.0,0.0,0.0,0.0,0.7219135802469135,0.0,0.0,0.0,0.0,0.0,0,0,1
Experiment-1326.czi,86,stardist,0.0,full,1,0,0.0,0.0,0.0,0.7219135802469135,0.0,0.0,0.0,0.0,0.9777037037037037,0.0,0.0,0.0,0.0,0.7219135802469135,0.0,0.0,0.0,0.0,0.0,0,0,1
Experiment-1326.czi,86,cellpose,0.0,full,1,0,0.0,0.0,0.0,0.7219135802469135,0.0,0.0,0.0,0.0,0.9777037037037037,0.0,0.0,0.0,0.0,0.7219135802469135,0.0,0.0,0.0,0.0,0.0,0,0,1
Experiment-1326.czi,171,watershed,0.0,full,1,0,1.0,0.09091313733781407,0.166673466889714,0.7478518518518519,0.09091313733781407,0.0,0.0,0.0,0.9783703703703703,0.0,1.0,0.09091313733781407,0.166673466889714,0.7478518518518519,0.09091313733781407,0.0,0.0,0.0,0.0,0,0,1
Experiment-1326.czi,171,active_contour,0.0,full,1,1,1.0,0.09091313733781407,0.166673466889714,0.7478518518518519,0.09091313733781407,0.2256586483390607,0.05622146118721461,0.09001599268905643,0.9754135802469136,0.04712918660287081,1.0,0.10511205572741637,0.19022877396487836,0.7517901234567901,0.10511205572741637,0.0,0.0,0.0,0.0,0,1,1
Experiment-1326.czi,171,stardist,0.0,full,1,0,1.0,0.09091313733781407,0.166673466889714,0.7478518518518519,0.09091313733781407,0.0,0.0,0.0,0.9783703703703703,0.0,1.0,0.09091313733781407,0.166673466889714,0.7478518518518519,0.09091313733781407,0.0,0.0,0.0,0.0,0,0,1
Experiment-1326.czi,171,cellpose,0.0,full,1,0,1.0,0.09091313733781407,0.166673466889714,0.7478518518518519,0.09091313733781407,0.0,0.0,0.0,0.9783703703703703,0.0,1.0,0.09091313733781407,0.166673466889714,0.7478518518518519,0.09091313733781407,0.0,0.0,0.0,0.0,0,0,1
Experiment-1326.czi,256,watershed,0.0,full,0,0,0.0,0.0,0.0,0.719679012345679,0.0,1.0,1.0,1.0,1.0,0.0,0.0,0.0,0.0,0.719679012345679,0.0,1.0,1.0,1.0,0.0,0,0,0
Experiment-1326.czi,256,active_contour,0.0,full,0,0,0.0,0.0,0.0,0.719679012345679,0.0,1.0,1.0,1.0,1.0,0.0,0.0,0.0,0.0,0.719679012345679,0.0,1.0,1.0,1.0,0.0,0,0,0
Experiment-1326.czi,256,stardist,0.0,full,0,0,0.0,0.0,0.0,0.719679012345679,0.0,1.0,1.0,1.0,1.0,0.0,0.0,0.0,0.0,0.719679012345679,0.0,1.0,1.0,1.0,0.0,0,0,0
Experiment-1326.czi,256,cellpose,0.0,full,0,0,0.0,0.0,0.0,0.719679012345679,0.0,1.0,1.0,1.0,1.0,0.0,0.0,0.0,0.0,0.719679012345679,0.0,1.0,1.0,1.0,0.0,0,0,0
Experiment-1326.czi,342,watershed,0.0,full,1,0,0.0,0.0,0.0,0.7406049382716049,0.0,0.0,0.0,0.0,0.9624814814814815,0.0,0.0,0.0,0.0,0.7406049382716049,0.0,0.0,0.0,0.0,0.0,0,0,1
Experiment-1326.czi,342,active_contour,0.0,full,1,0,0.0,0.0,0.0,0.7406049382716049,0.0,0.0,0.0,0.0,0.9624814814814815,0.0,0.0,0.0,0.0,0.7406049382716049,0.0,0.0,0.0,0.0,0.0,0,0,1
Experiment-1326.czi,342,stardist,0.0,full,1,1,0.0,0.0,0.0,0.7406049382716049,0.0,0.0,0.0,0.0,0.9621481481481482,0.0,0.0,0.0,0.0,0.7406049382716049,0.0,0.0,0.0,0.0,0.0,0,1,1
Experiment-1326.czi,342,cellpose,0.0,full,1,0,0.0,0.0,0.0,0.7406049382716049,0.0,0.0,0.0,0.0,0.9624814814814815,0.0,0.0,0.0,0.0,0.7406049382716049,0.0,0.0,0.0,0.0,0.0,0,0,1
Experiment-1327.czi,0,watershed,0.0,full,1,0,0.0,0.0,0.0,0.751638046522957,0.0,0.0,0.0,0.0,0.9933564730239922,0.0,0.0,0.0,0.0,0.751638046522957,0.0,0.0,0.0,0.0,0.0,0,0,1
Experiment-1327.czi,0,active_contour,0.0,full,1,0,0.0,0.0,0.0,0.751638046522957,0.0,0.0,0.0,0.0,0.9933564730239922,0.0,0.0,0.0,0.0,0.751638046522957,0.0,0.0,0.0,0.0,0.0,0,0,1
Experiment-1327.czi,0,stardist,0.0,full,1,0,0.0,0.0,0.0,0.751638046522957,0.0,0.0,0.0,0.0,0.9933564730239922,0.0,0.0,0.0,0.0,0.751638046522957,0.0,0.0,0.0,0.0,0.0,0,0,1
Experiment-1327.czi,0,cellpose,0.0,full,1,0,0.0,0.0,0.0,0.751638046522957,0.0,0.0,0.0,0.0,0.9933564730239922,0.0,0.0,0.0,0.0,0.751638046522957,0.0,0.0,0.0,0.0,0.0,0,0,1
Experiment-1327.czi,86,watershed,0.0,full,1,0,0.9638403365553163,0.9911928306551298,0.977325241855623,0.98912434539033,0.9556559737809117,0.0,0.0,0.0,0.9834003166483984,0.0,0.9638403365553163,0.9911928306551298,0.977325241855623,0.98912434539033,0.9556559737809117,0.0,0.0,0.0,0.0,0,0,1
Experiment-1327.czi,86,active_contour,0.0,full,1,7,0.9638403365553163,0.9911928306551298,0.977325241855623,0.98912434539033,0.9556559737809117,0.19518165421283173,0.5557593543653705,0.2889016018306636,0.9545853123858239,0.16883985289200937,0.9638403365553163,0.9911928306551298,0.977325241855623,0.98912434539033,0.9556559737809117,0.0,0.0,0.0,0.0,0,7,1
Experiment-1327.czi,86,stardist,0.0,full,1,4,0.9638403365553163,0.9911928306551298,0.977325241855623,0.98912434539033,0.9556559737809117,0.06761945392491468,0.5814380044020543,0.1211495834288772,0.859968335160151,0.06448069647288557,0.9638403365553163,0.9911928306551298,0.977325241855623,0.98912434539033,0.9556559737809117,0.0,0.0,0.0,0.0,0,4,1
Experiment-1327.czi,86,cellpose,0.0,full,1,0,0.9638403365553163,0.9911928306551298,0.977325241855623,0.98912434539033,0.9556559737809117,0.0,0.0,0.0,0.9834003166483984,0.0,0.9638403365553163,0.9911928306551298,0.977325241855623,0.98912434539033,0.9556559737809117,0.0,0.0,0.0,0.0,0,0,1
Experiment-1327.czi,171,watershed,0.0,full,1,0,0.9446185997910136,1.0,0.9715206878022569,0.9861222749969553,0.9446185997910136,0.0,0.0,0.0,0.976385336743393,0.0,0.9446185997910136,1.0,0.9715206878022569,0.9861222749969553,0.9446185997910136,0.0,0.0,0.0,0.0,0,0,1
Experiment-1327.czi,171,active_contour,0.0,full,1,1,0.9446185997910136,1.0,0.9715206878022569,0.9861222749969553,0.9446185997910136,0.18507415588513726,0.6049510056730273,0.2834360275462124,0.9277676287906467,0.16511824324324326,0.9446185997910136,1.0,0.9715206878022569,0.9861222749969553,0.9446185997910136,0.0,0.0,0.0,0.0,0,1,1
Experiment-1327.czi,171,stardist,0.0,full,1,7,0.9446185997910136,1.0,0.9715206878022569,0.9861222749969553,0.9446185997910136,0.09544761026150517,0.6936565239814337,0.1678051214871651,0.8375289246133236,0.09158693949814443,0.9446185997910136,1.0,0.9715206878022569,0.9861222749969553,0.9446185997910136,0.0,0.0,0.0,0.0,0,7,1
Experiment-1327.czi,171,cellpose,0.0,full,1,0,0.9446185997910136,1.0,0.9715206878022569,0.9861222749969553,0.9446185997910136,0.0,0.0,0.0,0.976385336743393,0.0,0.9446185997910136,1.0,0.9715206878022569,0.9861222749969553,0.9446185997910136,0.0,0.0,0.0,0.0,0,0,1
Experiment-1327.czi,256,watershed,0.0,full,1,0,0.9309060616455138,1.0,0.9642168307786012,0.9828279137742053,0.9309060616455138,0.0,0.0,0.0,0.9797466812812081,0.0,0.9309060616455138,1.0,0.9642168307786012,0.9828279137742053,0.9309060616455138,0.0,0.0,0.0,0.0,0,0,1
Experiment-1327.czi,256,active_contour,0.0,full,1,0,0.9309060616455138,1.0,0.9642168307786012,0.9828279137742053,0.9309060616455138,0.0,0.0,0.0,0.9797466812812081,0.0,0.9309060616455138,1.0,0.9642168307786012,0.9828279137742053,0.9309060616455138,0.0,0.0,0.0,0.0,0,0,1
Experiment-1327.czi,256,stardist,0.0,full,1,4,0.9309060616455138,1.0,0.9642168307786012,0.9828279137742053,0.9309060616455138,0.06757381258023107,0.3956704750450992,0.11543353361694662,0.8771830471318962,0.06125203630439842,0.9309060616455138,1.0,0.9642168307786012,0.9828279137742053,0.9309060616455138,0.0,0.0,0.0,0.0,0,4,1
Experiment-1327.czi,256,cellpose,0.0,full,1,0,0.9309060616455138,1.0,0.9642168307786012,0.9828279137742053,0.9309060616455138,0.0,0.0,0.0,0.9797466812812081,0.0,0.9309060616455138,1.0,0.9642168307786012,0.9828279137742053,0.9309060616455138,0.0,0.0,0.0,0.0,0,0,1
Experiment-1327.czi,342,watershed,0.0,full,2,3,0.9385567111943609,1.0,0.9683046214480961,0.9848191450493241,0.9385567111943609,0.8244604316546763,0.33174120712114635,0.4731138404376097,0.9689136524174887,0.3098553467622009,0.9385567111943609,1.0,0.9683046214480961,0.9848191450493241,0.9385567111943609,0.0,0.0,0.0,0.0,0,3,2
Experiment-1327.czi,342,active_contour,0.0,full,2,5,0.9385567111943609,1.0,0.9683046214480961,0.9848191450493241,0.9385567111943609,0.5123315535214849,0.29164857432334634,0.37170263788968827,0.9585190597978321,0.22827687776141384,0.9385567111943609,1.0,0.9683046214480961,0.9848191450493241,0.9385567111943609,0.0,0.0,0.0,0.0,0,5,2
Experiment-1327.czi,342,stardist,0.0,full,2,3,0.9385567111943609,1.0,0.9683046214480961,0.9848191450493241,0.9385567111943609,0.2478793590951932,0.6471269358807352,0.35845426120420104,0.9025453659724759,0.21836385836385835,0.9385567111943609,1.0,0.9683046214480961,0.9848191450493241,0.9385567111943609,0.3333333333333333,0.5,0.4,0.25,1,2,1
Experiment-1327.czi,342,cellpose,0.0,full,2,1,0.9385567111943609,1.0,0.9683046214480961,0.9848191450493241,0.9385567111943609,0.7552447552447552,0.531480677377334,0.623906210177555,0.9730422603824138,0.4533893073218916,0.9385335797905114,1.0,0.9682923108218063,0.9848130556570455,0.9385335797905114,1.0,0.5,0.6666666666666666,0.5,1,0,1
Experiment-1328.czi,0,watershed,0.0,full,2,0,1.0,0.11059513308773933,0.19916372725361492,0.6947738603988604,0.11059513308773933,0.0,0.0,0.0,0.9454415954415955,0.0,1.0,0.11059513308773933,0.19916372725361492,0.6947738603988604,0.11059513308773933,0.0,0.0,0.0,0.0,0,0,2
Experiment-1328.czi,0,active_contour,0.0,full,2,0,1.0,0.11059513308773933,0.19916372725361492,0.6947738603988604,0.11059513308773933,0.0,0.0,0.0,0.9454415954415955,0.0,1.0,0.11059513308773933,0.19916372725361492,0.6947738603988604,0.11059513308773933,0.0,0.0,0.0,0.0,0,0,2
Experiment-1328.czi,0,stardist,0.0,full,2,0,1.0,0.11059513308773933,0.19916372725361492,0.6947738603988604,0.11059513308773933,0.0,0.0,0.0,0.9454415954415955,0.0,1.0,0.11059513308773933,0.19916372725361492,0.6947738603988604,0.11059513308773933,0.0,0.0,0.0,0.0,0,0,2
Experiment-1328.czi,0,cellpose,0.0,full,2,0,1.0,0.11059513308773933,0.19916372725361492,0.6947738603988604,0.11059513308773933,0.0,0.0,0.0,0.9454415954415955,0.0,1.0,0.11059513308773933,0.19916372725361492,0.6947738603988604,0.11059513308773933,0.0,0.0,0.0,0.0,0,0,2
Experiment-1328.czi,70,watershed,0.0,full,3,0,0.0,0.0,0.0,0.6805822649572649,0.0,0.0,0.0,0.0,0.9434472934472935,0.0,0.0,0.0,0.0,0.680324074074074,0.0,0.0,0.0,0.0,0.0,0,0,3
Experiment-1328.czi,70,active_contour,0.0,full,3,0,0.0,0.0,0.0,0.6805822649572649,0.0,0.0,0.0,0.0,0.9434472934472935,0.0,0.0,0.0,0.0,0.680324074074074,0.0,0.0,0.0,0.0,0.0,0,0,3
Experiment-1328.czi,70,stardist,0.0,full,3,0,0.0,0.0,0.0,0.6805822649572649,0.0,0.0,0.0,0.0,0.9434472934472935,0.0,0.0,0.0,0.0,0.680324074074074,0.0,0.0,0.0,0.0,0.0,0,0,3
Experiment-1328.czi,70,cellpose,0.0,full,3,0,0.0,0.0,0.0,0.6805822649572649,0.0,0.0,0.0,0.0,0.9434472934472935,0.0,0.0,0.0,0.0,0.680324074074074,0.0,0.0,0.0,0.0,0.0,0,0,3
Experiment-1328.czi,139,watershed,0.0,full,2,1,0.9832936881119655,0.943496377292391,0.9629840315306163,0.9756677350427351,0.9286106104537262,0.8526466380543634,0.19521781853914183,0.31769722814498935,0.9772079772079773,0.1888466413181242,0.9832936881119655,0.943496377292391,0.9629840315306163,0.9756677350427351,0.9286106104537262,1.0,0.5,0.6666666666666666,0.5,1,0,1
Experiment-1328.czi,139,active_contour,0.0,full,2,4,0.9832936881119655,0.943496377292391,0.9629840315306163,0.9756677350427351,0.9286106104537262,0.12663185378590078,0.2859482476252866,0.17553031064642605,0.9269853988603989,0.09620894864447874,0.9815860141393106,0.9507152525279333,0.9659040351610424,0.9774839743589744,0.9340564783186879,0.25,0.5,0.3333333333333333,0.2,1,3,1
Experiment-1328.czi,139,stardist,0.0,full,2,10,0.9832936881119655,0.943496377292391,0.9629840315306163,0.9756677350427351,0.9286106104537262,0.055581171144737394,0.43432689158205046,0.09855072463768116,0.7840277777777778,0.051829268292682924,0.9819777679947171,0.947185434857613,0.9642678626913257,0.9764512108262108,0.9310011999791308,0.0,0.0,0.0,0.0,0,10,2
Experiment-1328.czi,139,cellpose,0.0,full,2,4,0.9832936881119655,0.943496377292391,0.9629840315306163,0.9756677350427351,0.9286106104537262,0.8817536276628589,0.9354733049459548,0.9078194532739987,0.9948361823361823,0.8311990686845169,0.9832936881119655,0.943496377292391,0.9629840315306163,0.9756677350427351,0.9286106104537262,0.25,0.5,0.3333333333333333,0.2,1,3,1
Experiment-1328.czi,208,watershed,0.0,full,1,0,0.978006968641115,0.9381534265622076,0.9576657477413544,0.9723824786324786,0.9187702943332984,0.0,0.0,0.0,0.9742432336182336,0.0,0.978006968641115,0.9381534265622076,0.9576657477413544,0.9723824786324786,0.9187702943332984,0.0,0.0,0.0,0.0,0,0,1
Experiment-1328.czi,208,active_contour,0.0,full,1,0,0.978006968641115,0.9381534265622076,0.9576657477413544,0.9723824786324786,0.9187702943332984,0.0,0.0,0.0,0.9742432336182336,0.0,0.978006968641115,0.9381534265622076,0.9576657477413544,0.9723824786324786,0.9187702943332984,0.0,0.0,0.0,0.0,0,0,1
Experiment-1328.czi,208,stardist,0.0,full,1,6,0.978006968641115,0.9381534265622076,0.9576657477413544,0.9723824786324786,0.9187702943332984,0.07566945353204896,0.4317317663325268,0.1287695242022785,0.8495281339031339,0.06881542699724517,0.9766093229744728,0.9411214203588332,0.9585370171162462,0.9728899572649573,0.9203755033732546,0.0,0.0,0.0,0.0,0,6,1
Experiment-1328.czi,208,cellpose,0.0,full,1,0,0.978006968641115,0.9381534265622076,0.9576657477413544,0.9723824786324786,0.9187702943332984,0.0,0.0,0.0,0.9742432336182336,0.0,0.978006968641115,0.9381534265622076,0.9576657477413544,0.9723824786324786,0.9187702943332984,0.0,0.0,0.0,0.0,0,0,1
Experiment-1328.czi,278,watershed,0.0,full,2,0,0.937055378195621,0.999785436502615,0.9674045623232034,0.9776353276353277,0.9368669732840735,0.0,0.0,0.0,0.9640669515669515,0.0,0.937055378195621,0.999785436502615,0.9674045623232034,0.9776353276353277,0.9368669732840735,0.0,0.0,0.0,0.0,0,0,2
Experiment-1328.czi,278,active_contour,0.0,full,2,0,0.937055378195621,0.999785436502615,0.9674045623232034,0.9776353276353277,0.9368669732840735,0.0,0.0,0.0,0.9640669515669515,0.0,0.937055378195621,0.999785436502615,0.9674045623232034,0.9776353276353277,0.9368669732840735,0.0,0.0,0.0,0.0,0,0,2
Experiment-1328.czi,278,stardist,0.0,full,2,6,0.937055378195621,0.999785436502615,0.9674045623232034,0.9776353276353277,0.9368669732840735,0.09685538928349768,0.695986124876115,0.17004661299110113,0.7558760683760684,0.09292401336464984,0.937055378195621,0.999785436502615,0.9674045623232034,0.9776353276353277,0.9368669732840735,0.16666666666666666,0.5,0.25,0.14285714285714285,1,5,1
Experiment-1328.czi,278,cellpose,0.0,full,2,0,0.937055378195621,0.999785436502615,0.9674045623232034,0.9776353276353277,0.9368669732840735,0.0,0.0,0.0,0.9640669515669515,0.0,0.937055378195621,0.999785436502615,0.9674045623232034,0.9776353276353277,0.9368669732840735,0.0,0.0,0.0,0.0,0,0,2
Experiment-1335.czi,0,watershed,0.0,full,5,0,0.9379890645974528,0.9997557230597431,0.9678879710805927,0.9764873222016079,0.9377741407528641,0.0,0.0,0.0,0.8327025355596784,0.0,0.9379890645974528,0.9997557230597431,0.9678879710805927,0.9764873222016079,0.9377741407528641,0.0,0.0,0.0,0.0,0,0,5
Experiment-1335.czi,0,active_contour,0.0,full,5,0,0.9379890645974528,0.9997557230597431,0.9678879710805927,0.9764873222016079,0.9377741407528641,0.0,0.0,0.0,0.8327025355596784,0.0,0.9379890645974528,0.9997557230597431,0.9678879710805927,0.9764873222016079,0.9377741407528641,0.0,0.0,0.0,0.0,0,0,5
Experiment-1335.czi,0,stardist,0.0,full,5,5,0.9379890645974528,0.9997557230597431,0.9678879710805927,0.9764873222016079,0.9377741407528641,0.5975163477113205,0.736359603726157,0.6597118728266269,0.87291280148423,0.4922164566345441,0.9379890645974528,0.9997557230597431,0.9678879710805927,0.9764873222016079,0.9377741407528641,0.4,0.4,0.4000000000000001,0.25,2,3,3
Experiment-1335.czi,0,cellpose,0.0,full,5,0,0.9379890645974528,0.9997557230597431,0.9678879710805927,0.9764873222016079,0.9377741407528641,0.0,0.0,0.0,0.8327025355596784,0.0,0.9379890645974528,0.9997557230597431,0.9678879710805927,0.9764873222016079,0.9377741407528641,0.0,0.0,0.0,0.0,0,0,5
Experiment-1335.czi,85,watershed,0.0,full,4,0,0.959537768138534,0.9990121017535194,0.9788771347576575,0.9848855905998763,0.9586281612892305,0.0,0.0,0.0,0.8368089053803339,0.0,0.959537768138534,0.9990121017535194,0.9788771347576575,0.9848855905998763,0.9586281612892305,0.0,0.0,0.0,0.0,0,0,4
Experiment-1335.czi,85,active_contour,0.0,full,4,0,0.959537768138534,0.9990121017535194,0.9788771347576575,0.9848855905998763,0.9586281612892305,0.0,0.0,0.0,0.8368089053803339,0.0,0.959537768138534,0.9990121017535194,0.9788771347576575,0.9848855905998763,0.9586281612892305,0.0,0.0,0.0,0.0,0,0,4
Experiment-1335.czi,85,stardist,0.0,full,4,4,0.959537768138534,0.9990121017535194,0.9788771347576575,0.9848855905998763,0.9586281612892305,0.9641534988713318,0.8093072608761558,0.8799703325229717,0.9639703153988868,0.7856669855051137,0.959537768138534,0.9990121017535194,0.9788771347576575,0.9848855905998763,0.9586281612892305,0.75,0.75,0.75,0.6,3,1,1
Experiment-1335.czi,85,cellpose,0.0,full,4,1,0.959537768138534,0.9990121017535194,0.9788771347576575,0.9848855905998763,0.9586281612892305,0.8393137610245258,0.5265272093375777,0.647105397978669,0.9062832405689548,0.4783117598457725,0.9593752117639086,0.9990121017535194,0.9787925402284943,0.9848237476808905,0.9584659129375127,1.0,0.25,0.4,0.25,1,0,3
Experiment-1335.czi,170,watershed,0.0,full,4,0,0.9522786191840633,0.9997493195817219,0.9754367575122291,0.9826097711811997,0.9520512907956212,0.0,0.0,0.0,0.8352875695732839,0.0,0.9523468413153227,0.9997493375349137,0.9754725551168721,0.9826345083487941,0.9521194966408622,0.0,0.0,0.0,0.0,0,0,4
Experiment-1335.czi,170,active_contour,0.0,full,4,0,0.9522786191840633,0.9997493195817219,0.9754367575122291,0.9826097711811997,0.9520512907956212,0.0,0.0,0.0,0.8352875695732839,0.0,0.9523468413153227,0.9997493375349137,0.9754725551168721,0.9826345083487941,0.9521194966408622,0.0,0.0,0.0,0.0,0,0,4
Experiment-1335.czi,170,stardist,0.0,full,4,3,0.9522786191840633,0.9997493195817219,0.9754367575122291,0.9826097711811997,0.9520512907956212,0.9977680564235336,0.8392280543665991,0.9116567419854801,0.9732096474953618,0.8376555239094589,0.9523468413153227,0.9997493375349137,0.9754725551168721,0.9826345083487941,0.9521194966408622,1.0,0.75,0.8571428571428571,0.75,3,0,1
Experiment-1335.czi,170,cellpose,0.0,full,4,0,0.9522786191840633,0.9997493195817219,0.9754367575122291,0.9826097711811997,0.9520512907956212,0.0,0.0,0.0,0.8352875695732839,0.0,0.9523468413153227,0.9997493375349137,0.9754725551168721,0.9826345083487941,0.9521194966408622,0.0,0.0,0.0,0.0,0,0,4
Experiment-1335.czi,256,watershed,0.0,full,3,0,0.947249434815373,0.9997469361194462,0.9727904318001935,0.9808658008658009,0.9470223622478682,0.0,0.0,0.0,0.8588744588744589,0.0,0.947249434815373,0.9997469361194462,0.9727904318001935,0.9808658008658009,0.9470223622478682,0.0,0.0,0.0,0.0,0,0,3
Experiment-1335.czi,256,active_contour,0.0,full,3,0,0.947249434815373,0.9997469361194462,0.9727904318001935,0.9808658008658009,0.9470223622478682,0.0,0.0,0.0,0.8588744588744589,0.0,0.947249434815373,0.9997469361194462,0.9727904318001935,0.9808658008658009,0.9470223622478682,0.0,0.0,0.0,0.0,0,0,3
Experiment-1335.czi,256,stardist,0.0,full,3,5,0.947249434815373,0.9997469361194462,0.9727904318001935,0.9808658008658009,0.9470223622478682,0.5120228434024647,0.8957931638913234,0.6516001530026776,0.8648113790970934,0.48323956314122263,0.9435327032652087,0.9997469361194462,0.9708267509215376,0.979443413729128,0.9433074089234548,0.6,1.0,0.7499999999999999,0.6,3,2,0
Experiment-1335.czi,256,cellpose,0.0,full,3,0,0.947249434815373,0.9997469361194462,0.9727904318001935,0.9808658008658009,0.9470223622478682,0.0,0.0,0.0,0.8588744588744589,0.0,0.947249434815373,0.9997469361194462,0.9727904318001935,0.9808658008658009,0.9470223622478682,0.0,0.0,0.0,0.0,0,0,3
Experiment-1335.czi,341,watershed,0.0,full,3,0,0.9310580671636687,1.0,0.9642983636750018,0.9750649350649351,0.9310580671636687,0.0,0.0,0.0,0.854421768707483,0.0,0.9311606593256275,1.0,0.9643533849232349,0.9751020408163266,0.9311606593256275,0.0,0.0,0.0,0.0,0,0,3
Experiment-1335.czi,341,active_contour,0.0,full,3,0,0.9310580671636687,1.0,0.9642983636750018,0.9750649350649351,0.9310580671636687,0.0,0.0,0.0,0.854421768707483,0.0,0.9311606593256275,1.0,0.9643533849232349,0.9751020408163266,0.9311606593256275,0.0,0.0,0.0,0.0,0,0,3
Experiment-1335.czi,341,stardist,0.0,full,3,5,0.9310580671636687,1.0,0.9642983636750018,0.9750649350649351,0.9310580671636687,0.549043863718365,0.9050127442650807,0.6834557762022392,0.8779591836734694,0.5191286125054827,0.9296029497115155,1.0,0.963517338995046,0.974495980210266,0.9296029497115155,0.6,1.0,0.7499999999999999,0.6,3,2,0
Experiment-1335.czi,341,cellpose,0.0,full,3,0,0.9310580671636687,1.0,0.9642983636750018,0.9750649350649351,0.9310580671636687,0.0,0.0,0.0,0.854421768707483,0.0,0.9311606593256275,1.0,0.9643533849232349,0.9751020408163266,0.9311606593256275,0.0,0.0,0.0,0.0,0,0,3
Experiment-1336.czi,0,watershed,0.0,full,2,0,0.9361709532593185,0.9989601515207784,0.9665468918433345,0.9785261215546073,0.9352595528667292,0.0,0.0,0.0,0.8979010494752624,0.0,0.9374934744022553,0.9989616169108103,0.9672519659592804,0.9789643639718603,0.936580786481694,0.0,0.0,0.0,0.0,0,0,2
Experiment-1336.czi,0,active_contour,0.0,full,2,0,0.9361709532593185,0.9989601515207784,0.9665468918433345,0.9785261215546073,0.9352595528667292,0.0,0.0,0.0,0.8979010494752624,0.0,0.9374934744022553,0.9989616169108103,0.9672519659592804,0.9789643639718603,0.936580786481694,0.0,0.0,0.0,0.0,0,0,2
Experiment-1336.czi,0,stardist,0.0,full,2,3,0.9361709532593185,0.9989601515207784,0.9665468918433345,0.9785261215546073,0.9352595528667292,0.9208815028901735,0.8637749915282955,0.8914145829690506,0.9785145888594164,0.8041009463722397,0.9374934744022553,0.9989616169108103,0.9672519659592804,0.9789643639718603,0.936580786481694,0.6666666666666666,1.0,0.8,0.6666666666666666,2,1,0
Experiment-1336.czi,0,cellpose,0.0,full,2,0,0.9361709532593185,0.9989601515207784,0.9665468918433345,0.9785261215546073,0.9352595528667292,0.0,0.0,0.0,0.8979010494752624,0.0,0.9374934744022553,0.9989616169108103,0.9672519659592804,0.9789643639718603,0.936580786481694,0.0,0.0,0.0,0.0,0,0,2
Experiment-1336.czi,59,watershed,0.0,full,3,0,0.9450264531726289,0.9997034840622684,0.9715963329190758,0.9818129396840042,0.9447616378857403,0.0,0.0,0.0,0.8523930342521047,0.0,0.9450264531726289,0.9997034840622684,0.9715963329190758,0.9818129396840042,0.9447616378857403,0.0,0.0,0.0,0.0,0,0,3
Experiment-1336.czi,59,active_contour,0.0,full,3,0,0.9450264531726289,0.9997034840622684,0.9715963329190758,0.9818129396840042,0.9447616378857403,0.0,0.0,0.0,0.8523930342521047,0.0,0.9450264531726289,0.9997034840622684,0.9715963329190758,0.9818129396840042,0.9447616378857403,0.0,0.0,0.0,0.0,0,0,3
Experiment-1336.czi,59,stardist,0.0,full,3,4,0.9450264531726289,0.9997034840622684,0.9715963329190758,0.9818129396840042,0.9447616378857403,0.8999445456706013,0.8875693413547934,0.8937141058925341,0.9688386575942798,0.8078509458114066,0.9450264531726289,0.9997034840622684,0.9715963329190758,0.9818129396840042,0.9447616378857403,0.75,1.0,0.8571428571428571,0.75,3,1,0
Experiment-1336.czi,59,cellpose,0.0,full,3,0,0.9450264531726289,0.9997034840622684,0.9715963329190758,0.9818129396840042,0.9447616378857403,0.0,0.0,0.0,0.8523930342521047,0.0,0.9450264531726289,0.9997034840622684,0.9715963329190758,0.9818129396840042,0.9447616378857403,0.0,0.0,0.0,0.0,0,0,3
Experiment-1336.czi,118,watershed,0.0,full,0,0,0.0,0.0,0.0,0.6899780878791374,0.0,1.0,1.0,1.0,1.0,0.0,0.0,0.0,0.0,0.6899780878791374,0.0,1.0,1.0,1.0,0.0,0,0,0
Experiment-1336.czi,118,active_contour,0.0,full,0,0,0.0,0.0,0.0,0.6899780878791374,0.0,1.0,1.0,1.0,1.0,0.0,0.0,0.0,0.0,0.6899780878791374,0.0,1.0,1.0,1.0,0.0,0,0,0
Experiment-1336.czi,118,stardist,0.0,full,0,0,0.0,0.0,0.0,0.6899780878791374,0.0,1.0,1.0,1.0,1.0,0.0,0.0,0.0,0.0,0.6899780878791374,0.0,1.0,1.0,1.0,0.0,0,0,0
Experiment-1336.czi,118,cellpose,0.0,full,0,0,0.0,0.0,0.0,0.6899780878791374,0.0,1.0,1.0,1.0,1.0,0.0,0.0,0.0,0.0,0.6899780878791374,0.0,1.0,1.0,1.0,0.0,0,0,0
Experiment-1336.czi,177,watershed,0.0,full,3,0,0.9445764334598064,0.9998873916144289,0.9714452426972028,0.9819397993311036,0.9444759608566161,0.0,0.0,0.0,0.8526698189366855,0.0,0.9445764334598064,0.9998873916144289,0.9714452426972028,0.9819397993311036,0.9444759608566161,0.0,0.0,0.0,0.0,0,0,3
Experiment-1336.czi,177,active_contour,0.0,full,3,0,0.9445764334598064,0.9998873916144289,0.9714452426972028,0.9819397993311036,0.9444759608566161,0.0,0.0,0.0,0.8526698189366855,0.0,0.9445764334598064,0.9998873916144289,0.9714452426972028,0.9819397993311036,0.9444759608566161,0.0,0.0,0.0,0.0,0,0,3
Experiment-1336.czi,177,stardist,0.0,full,3,2,0.9445764334598064,0.9998873916144289,0.9714452426972028,0.9819397993311036,0.9444759608566161,0.9930212014134275,0.879921722113503,0.9330566507574185,0.981397762657133,0.8745137700326746,0.9445764334598064,0.9998873916144289,0.9714452426972028,0.9819397993311036,0.9444759608566161,1.0,0.6666666666666666,0.8,0.6666666666666666,2,0,1
Experiment-1336.czi,177,cellpose,0.0,full,3,0,0.9445764334598064,0.9998873916144289,0.9714452426972028,0.9819397993311036,0.9444759608566161,0.0,0.0,0.0,0.8526698189366855,0.0,0.9445764334598064,0.9998873916144289,0.9714452426972028,0.9819397993311036,0.9444759608566161,0.0,0.0,0.0,0.0,0,0,3
Experiment-1336.czi,236,watershed,0.0,full,4,0,0.9389582590082055,0.9997720797720798,0.9684113696991998,0.9801983623572829,0.9387573120273933,0.0,0.0,0.0,0.8290162611002191,0.0,0.9411344987513378,0.9997347178534884,0.9695499568149659,0.9808903240687349,0.9408995256268502,0.0,0.0,0.0,0.0,0,0,4
Experiment-1336.czi,236,active_contour,0.0,full,4,0,0.9389582590082055,0.9997720797720798,0.9684113696991998,0.9801983623572829,0.9387573120273933,0.0,0.0,0.0,0.8290162611002191,0.0,0.9411344987513378,0.9997347178534884,0.9695499568149659,0.9808903240687349,0.9408995256268502,0.0,0.0,0.0,0.0,0,0,4
Experiment-1336.czi,236,stardist,0.0,full,4,4,0.9389582590082055,0.9997720797720798,0.9684113696991998,0.9801983623572829,0.9387573120273933,0.9578442879499217,0.6605288007554296,0.78187624750499,0.9369853534771077,0.6418693058923772,0.9358924326817327,0.9997347178534884,0.9667607285520577,0.9790796909237689,0.9356600695183372,0.75,0.75,0.75,0.6,3,1,1
Experiment-1336.czi,236,cellpose,0.0,full,4,0,0.9389582590082055,0.9997720797720798,0.9684113696991998,0.9801983623572829,0.9387573120273933,0.0,0.0,0.0,0.8290162611002191,0.0,0.9411344987513378,0.9997347178534884,0.9695499568149659,0.9808903240687349,0.9408995256268502,0.0,0.0,0.0,0.0,0,0,4
Experiment-1337.czi,0,watershed,0.0,full,4,13,0.9528480899359135,1.0,0.9758547987899899,0.9828347996089931,0.9528480899359135,0.3121473614337869,0.13895250055403707,0.19230179420334303,0.7940566959921799,0.10637936884967764,0.9528480899359135,1.0,0.9758547987899899,0.9828347996089931,0.9528480899359135,0.0,0.0,0.0,0.0,0,13,4
Experiment-1337.czi,0,active_contour,0.0,full,4,15,0.9528480899359135,1.0,0.9758547987899899,0.9828347996089931,0.9528480899359135,0.48449542928840295,0.39934992982196943,0.43782142134035235,0.8190550667970022,0.28026336253823425,0.9528480899359135,1.0,0.9758547987899899,0.9828347996089931,0.9528480899359135,0.0,0.0,0.0,0.0,0,15,4
Experiment-1337.czi,0,stardist,0.0,full,4,5,0.9528480899359135,1.0,0.9758547987899899,0.9828347996089931,0.9528480899359135,0.9867244649146573,0.8071212233138805,0.8879317350670458,0.9640534376018247,0.798450745396083,0.9528480899359135,1.0,0.9758547987899899,0.9828347996089931,0.9528480899359135,0.8,1.0,0.888888888888889,0.8,4,1,0
Experiment-1337.czi,0,cellpose,0.0,full,4,0,0.9528480899359135,1.0,0.9758547987899899,0.9828347996089931,0.9528480899359135,0.0,0.0,0.0,0.82356467904855,0.0,0.9528480899359135,1.0,0.9758547987899899,0.9828347996089931,0.9528480899359135,0.0,0.0,0.0,0.0,0,0,4
Experiment-1337.czi,82,watershed,0.0,full,4,0,0.0,0.0,0.0,0.6598892147279244,0.0,0.0,0.0,0.0,0.8033105246008472,0.0,0.0,0.0,0.0,0.6598110133594005,0.0,0.0,0.0,0.0,0.0,0,0,4
Experiment-1337.czi,82,active_contour,0.0,full,4,0,0.0,0.0,0.0,0.6598892147279244,0.0,0.0,0.0,0.0,0.8033105246008472,0.0,0.0,0.0,0.0,0.6598110133594005,0.0,0.0,0.0,0.0,0.0,0,0,4
Experiment-1337.czi,82,stardist,0.0,full,4,0,0.0,0.0,0.0,0.6598892147279244,0.0,0.0,0.0,0.0,0.8033105246008472,0.0,0.0,0.0,0.0,0.6598110133594005,0.0,0.0,0.0,0.0,0.0,0,0,4
Experiment-1337.czi,82,cellpose,0.0,full,4,0,0.0,0.0,0.0,0.6598892147279244,0.0,0.0,0.0,0.0,0.8033105246008472,0.0,0.0,0.0,0.0,0.6598110133594005,0.0,0.0,0.0,0.0,0.0,0,0,4
Experiment-1337.czi,165,watershed,0.0,full,4,0,0.946010321556173,0.9998855660665242,0.9722021325915624,0.9804626914304334,0.9459079099307159,0.0,0.0,0.0,0.8059433040078201,0.0,0.946010321556173,0.9998855660665242,0.9722021325915624,0.9804626914304334,0.9459079099307159,0.0,0.0,0.0,0.0,0,0,4
Experiment-1337.czi,165,active_contour,0.0,full,4,0,0.946010321556173,0.9998855660665242,0.9722021325915624,0.9804626914304334,0.9459079099307159,0.0,0.0,0.0,0.8059433040078201,0.0,0.946010321556173,0.9998855660665242,0.9722021325915624,0.9804626914304334,0.9459079099307159,0.0,0.0,0.0,0.0,0,0,4
Experiment-1337.czi,165,stardist,0.0,full,4,6,0.946010321556173,0.9998855660665242,0.9722021325915624,0.9804626914304334,0.9459079099307159,0.6784600997506235,0.8770904694741084,0.7650935934616399,0.895483870967742,0.6195559350982066,0.946010321556173,0.9998855660665242,0.9722021325915624,0.9804626914304334,0.9459079099307159,0.5,0.75,0.6,0.42857142857142855,3,3,1
Experiment-1337.czi,165,cellpose,0.0,full,4,0,0.946010321556173,0.9998855660665242,0.9722021325915624,0.9804626914304334,0.9459079099307159,0.0,0.0,0.0,0.8059433040078201,0.0,0.946010321556173,0.9998855660665242,0.9722021325915624,0.9804626914304334,0.9459079099307159,0.0,0.0,0.0,0.0,0,0,4
Experiment-1337.czi,248,watershed,0.0,full,4,0,0.9434845735027223,0.9999615295837501,0.9709024353802479,0.9796937113066145,0.9434503284817248,0.0,0.0,0.0,0.8028673835125448,0.0,0.9434845735027223,0.9999615295837501,0.9709024353802479,0.9796937113066145,0.9434503284817248,0.0,0.0,0.0,0.0,0,0,4
Experiment-1337.czi,248,active_contour,0.0,full,4,0,0.9434845735027223,0.9999615295837501,0.9709024353802479,0.9796937113066145,0.9434503284817248,0.0,0.0,0.0,0.8028673835125448,0.0,0.9434845735027223,0.9999615295837501,0.9709024353802479,0.9796937113066145,0.9434503284817248,0.0,0.0,0.0,0.0,0,0,4
Experiment-1337.czi,248,stardist,0.0,full,4,4,0.9434845735027223,0.9999615295837501,0.9709024353802479,0.9796937113066145,0.9434503284817248,0.9775163006820056,0.8623471074380166,0.9163271041169033,0.9689540566959922,0.8455753646677472,0.9434845735027223,0.9999615295837501,0.9709024353802479,0.9796937113066145,0.9434503284817248,0.75,0.75,0.75,0.6,3,1,1
Experiment-1337.czi,248,cellpose,0.0,full,4,0,0.9434845735027223,0.9999615295837501,0.9709024353802479,0.9796937113066145,0.9434503284817248,0.0,0.0,0.0,0.8028673835125448,0.0,0.9434845735027223,0.9999615295837501,0.9709024353802479,0.9796937113066145,0.9434503284817248,0.0,0.0,0.0,0.0,0,0,4
Experiment-1337.czi,330,watershed,0.0,full,4,0,0.9562178072111847,0.9998461183350004,0.9775454169330876,0.9844379276637342,0.9560771041789288,0.0,0.0,0.0,0.8053828608667318,0.0,0.9562178072111847,0.9998461183350004,0.9775454169330876,0.9844379276637342,0.9560771041789288,0.0,0.0,0.0,0.0,0,0,4
Experiment-1337.czi,330,active_contour,0.0,full,4,0,0.9562178072111847,0.9998461183350004,0.9775454169330876,0.9844379276637342,0.9560771041789288,0.0,0.0,0.0,0.8053828608667318,0.0,0.9562178072111847,0.9998461183350004,0.9775454169330876,0.9844379276637342,0.9560771041789288,0.0,0.0,0.0,0.0,0,0,4
Experiment-1337.czi,330,stardist,0.0,full,4,3,0.9562178072111847,0.9998461183350004,0.9775454169330876,0.9844379276637342,0.9560771041789288,0.9545543012845465,0.6569113313688723,0.7782450015867979,0.9271423916585206,0.6369894148970713,0.9562178072111847,0.9998461183350004,0.9775454169330876,0.9844379276637342,0.9560771041789288,0.6666666666666666,0.5,0.5714285714285715,0.4,2,1,2
Experiment-1337.czi,330,cellpose,0.0,full,4,0,0.9562178072111847,0.9998461183350004,0.9775454169330876,0.9844379276637342,0.9560771041789288,0.0,0.0,0.0,0.8053828608667318,0.0,0.9562178072111847,0.9998461183350004,0.9775454169330876,0.9844379276637342,0.9560771041789288,0.0,0.0,0.0,0.0,0,0,4
Experiment-1338.czi,0,watershed,0.0,full,4,0,0.9355222106670629,0.9998412194347411,0.9666129403638037,0.975499859194593,0.9353832442067737,0.0,0.0,0.0,0.7903125880033793,0.0,0.9355222106670629,0.9998412194347411,0.9666129403638037,0.975499859194593,0.9353832442067737,0.0,0.0,0.0,0.0,0,0,4
Experiment-1338.czi,0,active_contour,0.0,full,4,0,0.9355222106670629,0.9998412194347411,0.9666129403638037,0.975499859194593,0.9353832442067737,0.0,0.0,0.0,0.7903125880033793,0.0,0.9355222106670629,0.9998412194347411,0.9666129403638037,0.975499859194593,0.9353832442067737,0.0,0.0,0.0,0.0,0,0,4
Experiment-1338.czi,0,stardist,0.0,full,4,4,0.9355222106670629,0.9998412194347411,0.9666129403638037,0.975499859194593,0.9353832442067737,0.9573890722405574,0.8765780284716627,0.9152031408840747,0.9659391720642073,0.8436631551735281,0.9355222106670629,0.9998412194347411,0.9666129403638037,0.975499859194593,0.9353832442067737,0.75,0.75,0.75,0.6,3,1,1
Experiment-1338.czi,0,cellpose,0.0,full,4,4,0.9355222106670629,0.9998412194347411,0.9666129403638037,0.975499859194593,0.9353832442067737,0.8545749425598054,0.8491807681976901,0.8518693162681038,0.9380737820332301,0.7419619807556912,0.9355222106670629,0.9998412194347411,0.9666129403638037,0.975499859194593,0.9353832442067737,0.5,0.5,0.5,0.3333333333333333,2,2,2
Experiment-1338.czi,82,watershed,0.0,full,3,0,0.9369192610965091,1.0,0.9674324375979512,0.9760067586595326,0.9369192610965091,0.0,0.0,0.0,0.7860321036327795,0.0,0.9378447414207974,1.0,0.9679255735763272,0.9763587721768516,0.9378447414207974,0.0,0.0,0.0,0.0,0,0,3
Experiment-1338.czi,82,active_contour,0.0,full,3,0,0.9369192610965091,1.0,0.9674324375979512,0.9760067586595326,0.9369192610965091,0.0,0.0,0.0,0.7860321036327795,0.0,0.9378447414207974,1.0,0.9679255735763272,0.9763587721768516,0.9378447414207974,0.0,0.0,0.0,0.0,0,0,3
Experiment-1338.czi,82,stardist,0.0,full,3,3,0.9369192610965091,1.0,0.9674324375979512,0.9760067586595326,0.9369192610965091,0.9922469280280866,0.8927349302448012,0.9398642095053347,0.9755561813573641,0.8865507776761208,0.9378447414207974,1.0,0.9679255735763272,0.9763587721768516,0.9378447414207974,1.0,1.0,1.0,1.0,3,0,0
Experiment-1338.czi,82,cellpose,0.0,full,3,3,0.9369192610965091,1.0,0.9674324375979512,0.9760067586595326,0.9369192610965091,0.8406262101012336,1.0,0.9134132780332401,0.9594339622641509,0.8406262101012336,0.9378447414207974,1.0,0.9679255735763272,0.9763587721768516,0.9378447414207974,1.0,1.0,1.0,1.0,3,0,0
Experiment-1338.czi,165,watershed,0.0,full,4,0,0.93060704789724,1.0,0.9640564079684983,0.973908758096311,0.93060704789724,0.0,0.0,0.0,0.7781751619262179,0.0,0.93060704789724,1.0,0.9640564079684983,0.973908758096311,0.93060704789724,0.0,0.0,0.0,0.0,0,0,4
Experiment-1338.czi,165,active_contour,0.0,full,4,0,0.93060704789724,1.0,0.9640564079684983,0.973908758096311,0.93060704789724,0.0,0.0,0.0,0.7781751619262179,0.0,0.93060704789724,1.0,0.9640564079684983,0.973908758096311,0.93060704789724,0.0,0.0,0.0,0.0,0,0,4
Experiment-1338.czi,165,stardist,0.0,full,4,4,0.93060704789724,1.0,0.9640564079684983,0.973908758096311,0.93060704789724,0.946784772466022,0.8887901485337057,0.9168712962053498,0.9642495071810757,0.84650262982891,0.93060704789724,1.0,0.9640564079684983,0.973908758096311,0.93060704789724,1.0,1.0,1.0,1.0,4,0,0
Experiment-1338.czi,165,cellpose,0.0,full,4,4,0.93060704789724,1.0,0.9640564079684983,0.973908758096311,0.93060704789724,0.8412836583101208,0.9202107401294909,0.8789789607712363,0.9437904815544917,0.784087836010601,0.929980165412971,1.0,0.9637199201101394,0.9736553083638412,0.929980165412971,0.75,0.75,0.75,0.6,3,1,1
Experiment-1338.czi,248,watershed,0.0,full,4,0,0.9306130124106807,1.0,0.9640596084542711,0.974021402421853,0.9306130124106807,0.0,0.0,0.0,0.7853139960574486,0.0,0.9306130124106807,1.0,0.9640596084542711,0.974021402421853,0.9306130124106807,0.0,0.0,0.0,0.0,0,0,4
Experiment-1338.czi,248,active_contour,0.0,full,4,0,0.9306130124106807,1.0,0.9640596084542711,0.974021402421853,0.9306130124106807,0.0,0.0,0.0,0.7853139960574486,0.0,0.9306130124106807,1.0,0.9640596084542711,0.974021402421853,0.9306130124106807,0.0,0.0,0.0,0.0,0,0,4
Experiment-1338.czi,248,stardist,0.0,full,4,3,0.9306130124106807,1.0,0.9640596084542711,0.974021402421853,0.9306130124106807,0.676468851490995,0.7513609234603529,0.7119507799390964,0.8694733877780907,0.5527356942970182,0.9306130124106807,1.0,0.9640596084542711,0.974021402421853,0.9306130124106807,0.3333333333333333,0.25,0.28571428571428575,0.16666666666666666,1,2,3
Experiment-1338.czi,248,cellpose,0.0,full,4,0,0.9306130124106807,1.0,0.9640596084542711,0.974021402421853,0.9306130124106807,0.0,0.0,0.0,0.7853139960574486,0.0,0.9306130124106807,1.0,0.9640596084542711,0.974021402421853,0.9306130124106807,0.0,0.0,0.0,0.0,0,0,4
Experiment-1338.czi,330,watershed,0.0,full,4,0,0.9334798923549256,0.9998376096135109,0.9655199451141823,0.9752323289214306,0.9333383863266003,0.0,0.0,0.0,0.7823570825119684,0.0,0.9334798923549256,0.9998376096135109,0.9655199451141823,0.9752323289214306,0.9333383863266003,0.0,0.0,0.0,0.0,0,0,4
Experiment-1338.czi,330,active_contour,0.0,full,4,0,0.9334798923549256,0.9998376096135109,0.9655199451141823,0.9752323289214306,0.9333383863266003,0.0,0.0,0.0,0.7823570825119684,0.0,0.9334798923549256,0.9998376096135109,0.9655199451141823,0.9752323289214306,0.9333383863266003,0.0,0.0,0.0,0.0,0,0,4
Experiment-1338.czi,330,stardist,0.0,full,4,4,0.9334798923549256,0.9998376096135109,0.9655199451141823,0.9752323289214306,0.9333383863266003,0.9545392398140552,0.9033447628905997,0.9282366627887652,0.9696001126443256,0.8660836124550304,0.9334798923549256,0.9998376096135109,0.9655199451141823,0.9752323289214306,0.9333383863266003,0.75,0.75,0.75,0.6,3,1,1
Experiment-1338.czi,330,cellpose,0.0,full,4,0,0.9334798923549256,0.9998376096135109,0.9655199451141823,0.9752323289214306,0.9333383863266003,0.0,0.0,0.0,0.7823570825119684,0.0,0.9334798923549256,0.9998376096135109,0.9655199451141823,0.9752323289214306,0.9333383863266003,0.0,0.0,0.0,0.0,0,0,4
Experiment-1339.czi,0,watershed,0.0,full,4,0,0.9312286040319513,1.0,0.96438982116127,0.9706035379812695,0.9312286040319513,0.0,0.0,0.0,0.7444556451612904,0.0,0.9312286040319513,1.0,0.96438982116127,0.9706035379812695,0.9312286040319513,0.0,0.0,0.0,0.0,0,0,4
Experiment-1339.czi,0,active_contour,0.0,full,4,0,0.9312286040319513,1.0,0.96438982116127,0.9706035379812695,0.9312286040319513,0.0,0.0,0.0,0.7444556451612904,0.0,0.9312286040319513,1.0,0.96438982116127,0.9706035379812695,0.9312286040319513,0.0,0.0,0.0,0.0,0,0,4
Experiment-1339.czi,0,stardist,0.0,full,4,3,0.9312286040319513,1.0,0.96438982116127,0.9706035379812695,0.9312286040319513,0.9351716232567026,0.9343386142393587,0.9347549331635902,0.9666688345473465,0.877502240812668,0.9312286040319513,1.0,0.96438982116127,0.9706035379812695,0.9312286040319513,1.0,0.75,0.8571428571428571,0.75,3,0,1
Experiment-1339.czi,0,cellpose,0.0,full,4,0,0.9312286040319513,1.0,0.96438982116127,0.9706035379812695,0.9312286040319513,0.0,0.0,0.0,0.7444556451612904,0.0,0.9312286040319513,1.0,0.96438982116127,0.9706035379812695,0.9312286040319513,0.0,0.0,0.0,0.0,0,0,4
Experiment-1339.czi,85,watershed,0.0,full,1,0,0.931998474446987,1.0,0.9648024952129024,0.9710100156087409,0.931998474446987,0.0,0.0,0.0,0.8634722944849116,0.0,0.931998474446987,1.0,0.9648024952129024,0.9710100156087409,0.931998474446987,0.0,0.0,0.0,0.0,0,0,1
Experiment-1339.czi,85,active_contour,0.0,full,1,0,0.931998474446987,1.0,0.9648024952129024,0.9710100156087409,0.931998474446987,0.0,0.0,0.0,0.8634722944849116,0.0,0.931998474446987,1.0,0.9648024952129024,0.9710100156087409,0.931998474446987,0.0,0.0,0.0,0.0,0,0,1
Experiment-1339.czi,85,stardist,0.0,full,1,5,0.931998474446987,1.0,0.9648024952129024,0.9710100156087409,0.931998474446987,0.40989602382569623,0.9342622365130404,0.5697995351539803,0.8073946409989594,0.39840536285612715,0.931998474446987,1.0,0.9648024952129024,0.9710100156087409,0.931998474446987,0.2,1.0,0.33333333333333337,0.2,1,4,0
Experiment-1339.czi,85,cellpose,0.0,full,1,4,0.931998474446987,1.0,0.9648024952129024,0.9710100156087409,0.931998474446987,0.4445209105346744,1.0,0.6154579103602448,0.8293932101977107,0.4445209105346744,0.9303308333650588,1.0,0.963908172925213,0.9702458376690947,0.9303308333650588,0.25,1.0,0.4,0.25,1,3,0
Experiment-1339.czi,170,watershed,0.0,full,5,0,0.924396782841823,1.0,0.9607132906101977,0.9679045265348595,0.924396782841823,0.0,0.0,0.0,0.7286192767950052,0.0,0.9253542703944849,1.0,0.9612301326808697,0.968311004162331,0.9253542703944849,0.0,0.0,0.0,0.0,0,0,5
Experiment-1339.czi,170,active_contour,0.0,full,5,0,0.924396782841823,1.0,0.9607132906101977,0.9679045265348595,0.924396782841823,0.0,0.0,0.0,0.7286192767950052,0.0,0.9253542703944849,1.0,0.9612301326808697,0.968311004162331,0.9253542703944849,0.0,0.0,0.0,0.0,0,0,5
Experiment-1339.czi,170,stardist,0.0,full,5,4,0.924396782841823,1.0,0.9607132906101977,0.9679045265348595,0.924396782841823,0.8256764597288887,0.9378707087652028,0.8782047685834503,0.9294029656607701,0.7828565713142629,0.9252125296775676,1.0,0.9611536548980606,0.9682459677419355,0.9252125296775676,0.5,0.4,0.4444444444444445,0.2857142857142857,2,2,3
Experiment-1339.czi,170,cellpose,0.0,full,5,5,0.924396782841823,1.0,0.9607132906101977,0.9679045265348595,0.924396782841823,0.855787476280835,0.9997603498891618,0.9221884498480243,0.9542143600416233,0.8556119571347998,0.9242922723794951,1.0,0.9606568457883541,0.9678232310093653,0.9242922723794951,1.0,1.0,1.0,1.0,5,0,0
Experiment-1339.czi,255,watershed,0.0,full,5,0,0.9340511440107672,1.0,0.965901183020181,0.972115634755463,0.9340511440107672,0.0,0.0,0.0,0.7102302289281998,0.0,0.9344741395885406,1.0,0.9661273009183795,0.9722944849115505,0.9344741395885406,0.0,0.0,0.0,0.0,0,0,5
Experiment-1339.czi,255,active_contour,0.0,full,5,0,0.9340511440107672,1.0,0.965901183020181,0.972115634755463,0.9340511440107672,0.0,0.0,0.0,0.7102302289281998,0.0,0.9344741395885406,1.0,0.9661273009183795,0.9722944849115505,0.9344741395885406,0.0,0.0,0.0,0.0,0,0,5
Experiment-1339.czi,255,stardist,0.0,full,5,3,0.9340511440107672,1.0,0.965901183020181,0.972115634755463,0.9340511440107672,0.826823555047121,0.8516440354617888,0.8390502777854557,0.9053232310093653,0.7227274891671825,0.9344741395885406,1.0,0.9661273009183795,0.9722944849115505,0.9344741395885406,0.6666666666666666,0.4,0.5,0.3333333333333333,2,1,3
Experiment-1339.czi,255,cellpose,0.0,full,5,4,0.9340511440107672,1.0,0.965901183020181,0.972115634755463,0.9340511440107672,0.8397013614404919,0.9655481988553474,0.8982382878768106,0.936605749219563,0.8152745534656749,0.9344022763102242,1.0,0.9660888924226764,0.9722619667013528,0.9344022763102242,1.0,0.8,0.888888888888889,0.8,4,0,1
Experiment-1339.czi,340,watershed,0.0,full,4,2,1.0,0.2839094650205761,0.44225776467194455,0.7170753121748179,0.2839094650205761,1.0,0.041292230690478895,0.07930959143543806,0.725936524453694,0.041292230690478895,1.0,0.2841741420459222,0.44257882594206616,0.7171566077003122,0.2841741420459222,0.0,0.0,0.0,0.0,0,2,4
Experiment-1339.czi,340,active_contour,0.0,full,4,4,1.0,0.2839094650205761,0.44225776467194455,0.7170753121748179,0.2839094650205761,1.0,0.048003640086452054,0.09160968197112776,0.727855098855359,0.048003640086452054,1.0,0.28672537239733353,0.4456667732651103,0.7181646722164412,0.28672537239733353,0.0,0.0,0.0,0.0,0,4,4
Experiment-1339.czi,340,stardist,0.0,full,4,0,1.0,0.2839094650205761,0.44225776467194455,0.7170753121748179,0.2839094650205761,0.0,0.0,0.0,0.7141324141519251,0.0,1.0,0.28388609990947244,0.44222941572385494,0.7170427939646202,0.28388609990947244,0.0,0.0,0.0,0.0,0,0,4
Experiment-1339.czi,340,cellpose,0.0,full,4,0,1.0,0.2839094650205761,0.44225776467194455,0.7170753121748179,0.2839094650205761,0.0,0.0,0.0,0.7141324141519251,0.0,1.0,0.28388609990947244,0.44222941572385494,0.7170427939646202,0.28388609990947244,0.0,0.0,0.0,0.0,0,0,4
Experiment-1340.czi,0,watershed,0.0,full,4,7,0.9471703968038478,0.9997952833278743,0.9727716362912061,0.9801354336200884,0.9469867369890639,0.9982425307557118,0.28180815876515986,0.4395339839215855,0.8105527784236224,0.2816684114827263,0.9471703968038478,0.9997952833278743,0.9727716362912061,0.9801354336200884,0.9469867369890639,0.14285714285714285,0.25,0.18181818181818182,0.1,1,6,3
Experiment-1340.czi,0,active_contour,0.0,full,4,6,0.9471703968038478,0.9997952833278743,0.9727716362912061,0.9801354336200884,0.9469867369890639,0.8910300527643955,0.21411245865490627,0.34525978932396995,0.7859364101371774,0.20864893902766585,0.9471724458924832,0.9998362266622994,0.9727920965621639,0.9801499651243897,0.9470255177227953,0.16666666666666666,0.25,0.2,0.1111111111111111,1,5,3
Experiment-1340.czi,0,stardist,0.0,full,4,3,0.9471703968038478,0.9997952833278743,0.9727716362912061,0.9801354336200884,0.9469867369890639,0.9593287827076223,0.9297133406835723,0.9442889137737963,0.9710823064403628,0.8944577035269159,0.9471703968038478,0.9997952833278743,0.9727716362912061,0.9801354336200884,0.9469867369890639,1.0,0.75,0.8571428571428571,0.75,3,0,1
Experiment-1340.czi,0,cellpose,0.0,full,4,4,0.9471703968038478,0.9997952833278743,0.9727716362912061,0.9801354336200884,0.9469867369890639,0.8784327020874704,0.9998346196251379,0.9352102508572461,0.9634823296907696,0.8783050847457627,0.9471703968038478,0.9997952833278743,0.9727716362912061,0.9801354336200884,0.9469867369890639,1.0,1.0,1.0,1.0,4,0,0
Experiment-1340.czi,91,watershed,0.0,full,4,0,0.0,0.0,0.0,0.6639153685189491,0.0,0.0,0.0,0.0,0.7489682631946059,0.0,0.0,0.0,0.0,0.6636392699372239,0.0,0.0,0.0,0.0,0.0,0,0,4
Experiment-1340.czi,91,active_contour,0.0,full,4,0,0.0,0.0,0.0,0.6639153685189491,0.0,0.0,0.0,0.0,0.7489682631946059,0.0,0.0,0.0,0.0,0.6636392699372239,0.0,0.0,0.0,0.0,0.0,0,0,4
Experiment-1340.czi,91,stardist,0.0,full,4,0,0.0,0.0,0.0,0.6639153685189491,0.0,0.0,0.0,0.0,0.7489682631946059,0.0,0.0,0.0,0.0,0.6636392699372239,0.0,0.0,0.0,0.0,0.0,0,0,4
Experiment-1340.czi,91,cellpose,0.0,full,4,0,0.0,0.0,0.0,0.6639153685189491,0.0,0.0,0.0,0.0,0.7489682631946059,0.0,0.0,0.0,0.0,0.6636392699372239,0.0,0.0,0.0,0.0,0.0,0,0,4
Experiment-1340.czi,182,watershed,0.0,full,3,0,0.9427226363279717,0.9999167776298269,0.9704777674568879,0.9787549407114624,0.9426486740938333,0.0,0.0,0.0,0.8542490118577075,0.0,0.9443311102393095,0.9999169193702488,0.9713294191231362,0.9793507323878168,0.9442570218107642,0.0,0.0,0.0,0.0,0,0,3
Experiment-1340.czi,182,active_contour,0.0,full,3,0,0.9427226363279717,0.9999167776298269,0.9704777674568879,0.9787549407114624,0.9426486740938333,0.0,0.0,0.0,0.8542490118577075,0.0,0.9443311102393095,0.9999169193702488,0.9713294191231362,0.9793507323878168,0.9442570218107642,0.0,0.0,0.0,0.0,0,0,3
Experiment-1340.czi,182,stardist,0.0,full,3,3,0.9427226363279717,0.9999167776298269,0.9704777674568879,0.9787549407114624,0.9426486740938333,0.4444748808415055,0.8088733798604187,0.5737015168122194,0.8247936526389211,0.4022310361923649,0.9443311102393095,0.9999169193702488,0.9713294191231362,0.9793507323878168,0.9442570218107642,0.6666666666666666,0.6666666666666666,0.6666666666666666,0.5,2,1,1
Experiment-1340.czi,182,cellpose,0.0,full,3,3,0.9427226363279717,0.9999167776298269,0.9704777674568879,0.9787549407114624,0.9426486740938333,0.46988685372165,0.9233300099700897,0.6228185211338647,0.8370001162520344,0.45224142982713156,0.939026293204338,0.9999169193702488,0.9685155008348925,0.977258195768426,0.9389530347948197,0.6666666666666666,0.6666666666666666,0.6666666666666666,0.5,2,1,1
Experiment-1340.czi,272,watershed,0.0,full,4,2,0.9393117010816125,1.0,0.9687062688867706,0.9775778888630551,0.9393117010816125,1.0,0.01846421201259911,0.036258931427962035,0.7373575912578471,0.01846421201259911,0.9400196656833825,1.0,0.9690826153066395,0.9778394559404789,0.9400196656833825,0.0,0.0,0.0,0.0,0,2,4
Experiment-1340.czi,272,active_contour,0.0,full,4,8,0.9393117010816125,1.0,0.9687062688867706,0.9775778888630551,0.9393117010816125,0.7785383086774122,0.19148473987183665,0.3073704397855555,0.76907986514764,0.18159344903950148,0.9400196656833825,1.0,0.9690826153066395,0.9778394559404789,0.9400196656833825,0.0,0.0,0.0,0.0,0,8,4
Experiment-1340.czi,272,stardist,0.0,full,4,2,0.9393117010816125,1.0,0.9687062688867706,0.9775778888630551,0.9393117010816125,0.994238683127572,0.6560225915064625,0.7904724512498364,0.9069402464543129,0.6535381951958451,0.9400196656833825,1.0,0.9690826153066395,0.9778394559404789,0.9400196656833825,1.0,0.5,0.6666666666666666,0.5,2,0,2
Experiment-1340.czi,272,cellpose,0.0,full,4,3,0.9393117010816125,1.0,0.9687062688867706,0.9775778888630551,0.9393117010816125,0.8614416022209003,0.9436841533615727,0.9006893692012647,0.9443152755173215,0.8193219859493611,0.9372549019607843,1.0,0.9676113360323887,0.9767495931178796,0.9372549019607843,1.0,0.75,0.8571428571428571,0.75,3,0,1
Experiment-1340.czi,363,watershed,0.0,full,4,0,0.936471609517421,1.0,0.9671937403211346,0.9766042780748663,0.936471609517421,0.0,0.0,0.0,0.7327220413857243,0.0,0.9365110681450499,1.0,0.9672147849298042,0.9766188095791677,0.9365110681450499,0.0,0.0,0.0,0.0,0,0,4
Experiment-1340.czi,363,active_contour,0.0,full,4,0,0.936471609517421,1.0,0.9671937403211346,0.9766042780748663,0.936471609517421,0.0,0.0,0.0,0.7327220413857243,0.0,0.9365110681450499,1.0,0.9672147849298042,0.9766188095791677,0.9365110681450499,0.0,0.0,0.0,0.0,0,0,4
Experiment-1340.czi,363,stardist,0.0,full,4,4,0.936471609517421,1.0,0.9671937403211346,0.9766042780748663,0.936471609517421,0.8945490475929078,0.8859892350350677,0.8902485659655832,0.941612415717275,0.8022053756030324,0.9365110681450499,1.0,0.9672147849298042,0.9766188095791677,0.9365110681450499,0.75,0.75,0.75,0.6,3,1,1
Experiment-1340.czi,363,cellpose,0.0,full,4,4,0.936471609517421,1.0,0.9671937403211346,0.9766042780748663,0.936471609517421,0.8785591438945156,0.9998368944707225,0.9352828989192626,0.9630173215531271,0.8784332457606878,0.9351457840819543,1.0,0.9664861342997922,0.9760811439200185,0.9351457840819543,1.0,1.0,1.0,1.0,4,0,0
